id,questionText,diagnosticTarget,difficulty,recommendedScoringModels,contentCoverage,diagnosticCoverage,answerSignals
Q_BF_001_LEARNING_FAST,"Tell me about a time you had to learn a new tool, system, or topic quickly. What did you do, and how did you apply what you learned?",LearningAndAdaptability,Medium,"[""BIG_FIVE"", ""PracticalAbilities"", ""ThinkingQuality""]","{""learningAbility"": 0.95, ""adaptability"": 0.85, ""independentWork"": 0.6, ""selfManagement"": 0.55, ""newTools"": 0.9}","{""BIG_FIVE"": {""O"": {""coverage"": 0.9, ""desiredDirection"": ""high""}, ""C"": {""coverage"": 0.35, ""desiredDirection"": ""high""}}, ""PracticalAbilities"": {""Specificity"": {""coverage"": 0.7, ""desiredDirection"": ""high""}, ""Ownership"": {""coverage"": 0.5, ""desiredDirection"": ""high""}, ""Impact"": {""coverage"": 0.35, ""desiredDirection"": ""high""}}, ""ThinkingQuality"": {""clarity"": {""coverage"": 0.65, ""desiredDirection"": ""high""}, ""structure"": {""coverage"": 0.65, ""desiredDirection"": ""high""}, ""metacognition"": {""coverage"": 0.75, ""desiredDirection"": ""high""}, ""applied"": {""coverage"": 0.75, ""desiredDirection"": ""high""}}}","[""describes a clear learning process"", ""uses resources independently"", ""explains what was difficult"", ""shows curiosity or initiative"", ""applies the learned knowledge in practice""]"
Q_BF_002_UNCLEAR_REQUIREMENTS,Describe how you handle a task when the requirements are unclear. What steps do you take before starting?,AmbiguityHandling,Medium,"[""BIG_FIVE"", ""ThinkingQuality"", ""PracticalAbilities""]","{""ambiguityHandling"": 0.95, ""communication"": 0.8, ""problemSolving"": 0.7, ""selfManagement"": 0.55, ""structuredThinking"": 0.75}","{""BIG_FIVE"": {""N"": {""coverage"": 0.85, ""desiredDirection"": ""low""}, ""C"": {""coverage"": 0.65, ""desiredDirection"": ""high""}, ""A"": {""coverage"": 0.4, ""desiredDirection"": ""high""}}, ""ThinkingQuality"": {""logic"": {""coverage"": 0.75, ""desiredDirection"": ""high""}, ""clarity"": {""coverage"": 0.8, ""desiredDirection"": ""high""}, ""structure"": {""coverage"": 0.85, ""desiredDirection"": ""high""}, ""metacognition"": {""coverage"": 0.7, ""desiredDirection"": ""high""}, ""applied"": {""coverage"": 0.6, ""desiredDirection"": ""high""}}, ""PracticalAbilities"": {""Specificity"": {""coverage"": 0.55, ""desiredDirection"": ""high""}, ""Ownership"": {""coverage"": 0.45, ""desiredDirection"": ""high""}}}","[""asks clarifying questions"", ""breaks the task into smaller parts"", ""communicates assumptions"", ""does not panic"", ""describes a practical decision process""]"
Q_BF_003_CHANGING_PRIORITIES,Tell me about a time priorities changed while you were working on something. How did you respond?,AdaptabilityUnderPressure,Medium,"[""BIG_FIVE"", ""ThinkingQuality"", ""PracticalAbilities""]","{""adaptability"": 0.9, ""prioritization"": 0.9, ""ambiguityHandling"": 0.75, ""communication"": 0.6, ""pressureHandling"": 0.85}","{""BIG_FIVE"": {""N"": {""coverage"": 0.9, ""desiredDirection"": ""low""}, ""C"": {""coverage"": 0.55, ""desiredDirection"": ""high""}, ""A"": {""coverage"": 0.3, ""desiredDirection"": ""high""}}, ""ThinkingQuality"": {""logic"": {""coverage"": 0.65, ""desiredDirection"": ""high""}, ""clarity"": {""coverage"": 0.65, ""desiredDirection"": ""high""}, ""structure"": {""coverage"": 0.7, ""desiredDirection"": ""high""}, ""applied"": {""coverage"": 0.65, ""desiredDirection"": ""high""}}, ""PracticalAbilities"": {""Specificity"": {""coverage"": 0.55, ""desiredDirection"": ""high""}, ""Ownership"": {""coverage"": 0.55, ""desiredDirection"": ""high""}}}","[""reassesses priorities"", ""communicates changes"", ""stays calm"", ""explains tradeoffs"", ""keeps progress despite change""]"
Q_BF_004_ATTENTION_TO_DETAIL,"Tell me about a time you found a mistake, risk, or small detail that others missed. What did you do?",Conscientiousness,Basic,"[""BIG_FIVE"", ""PracticalAbilities"", ""ThinkingQuality""]","{""attentionToDetail"": 0.95, ""qualityAwareness"": 0.85, ""responsibility"": 0.6, ""problemSolving"": 0.45}","{""BIG_FIVE"": {""C"": {""coverage"": 0.9, ""desiredDirection"": ""high""}, ""N"": {""coverage"": 0.25, ""desiredDirection"": ""low""}}, ""PracticalAbilities"": {""Specificity"": {""coverage"": 0.75, ""desiredDirection"": ""high""}, ""Ownership"": {""coverage"": 0.55, ""desiredDirection"": ""high""}, ""Impact"": {""coverage"": 0.55, ""desiredDirection"": ""high""}}, ""ThinkingQuality"": {""clarity"": {""coverage"": 0.6, ""desiredDirection"": ""high""}, ""applied"": {""coverage"": 0.6, ""desiredDirection"": ""high""}}}","[""notices details"", ""checks work carefully"", ""prevents or fixes an issue"", ""understands impact of small mistakes"", ""takes responsible action""]"
Q_BF_005_TEAM_DIFFERENT_VIEW,Describe a time you worked with a teammate or stakeholder who saw things differently from you. How did you handle it?,Teamwork,Medium,"[""BIG_FIVE"", ""ThinkingQuality""]","{""teamwork"": 0.9, ""communication"": 0.85, ""conflictManagement"": 0.75, ""stakeholderWork"": 0.65, ""emotionalRegulation"": 0.55}","{""BIG_FIVE"": {""A"": {""coverage"": 0.9, ""desiredDirection"": ""high""}, ""N"": {""coverage"": 0.55, ""desiredDirection"": ""low""}, ""E"": {""coverage"": 0.35, ""desiredDirection"": ""high""}}, ""ThinkingQuality"": {""clarity"": {""coverage"": 0.65, ""desiredDirection"": ""high""}, ""metacognition"": {""coverage"": 0.55, ""desiredDirection"": ""high""}, ""applied"": {""coverage"": 0.55, ""desiredDirection"": ""high""}}}","[""listens to the other side"", ""communicates respectfully"", ""tries to reach shared understanding"", ""focuses on the task rather than ego"", ""explains what they learned""]"
Q_BF_006_COMMUNICATE_PROGRESS,"How do you usually communicate progress, blockers, or uncertainty when working on a task?",Communication,Basic,"[""BIG_FIVE"", ""ThinkingQuality""]","{""communication"": 0.95, ""teamwork"": 0.75, ""selfManagement"": 0.6, ""ambiguityHandling"": 0.55, ""responsibility"": 0.45}","{""BIG_FIVE"": {""A"": {""coverage"": 0.75, ""desiredDirection"": ""high""}, ""C"": {""coverage"": 0.55, ""desiredDirection"": ""high""}, ""E"": {""coverage"": 0.35, ""desiredDirection"": ""high""}}, ""ThinkingQuality"": {""clarity"": {""coverage"": 0.8, ""desiredDirection"": ""high""}, ""structure"": {""coverage"": 0.55, ""desiredDirection"": ""high""}, ""applied"": {""coverage"": 0.45, ""desiredDirection"": ""high""}}}","[""updates relevant people"", ""communicates blockers"", ""uses clear status updates"", ""knows when to ask for help"", ""communicates uncertainty responsibly""]"
Q_BF_007_TAKE_FEEDBACK,Tell me about a time you received feedback that required you to change how you worked. What did you do with it?,FeedbackAndGrowth,Medium,"[""BIG_FIVE"", ""ThinkingQuality""]","{""adaptability"": 0.8, ""learningAbility"": 0.75, ""communication"": 0.55, ""selfManagement"": 0.6, ""growthMindset"": 0.9}","{""BIG_FIVE"": {""O"": {""coverage"": 0.75, ""desiredDirection"": ""high""}, ""A"": {""coverage"": 0.5, ""desiredDirection"": ""high""}, ""N"": {""coverage"": 0.45, ""desiredDirection"": ""low""}, ""C"": {""coverage"": 0.45, ""desiredDirection"": ""high""}}, ""ThinkingQuality"": {""clarity"": {""coverage"": 0.6, ""desiredDirection"": ""high""}, ""metacognition"": {""coverage"": 0.8, ""desiredDirection"": ""high""}, ""applied"": {""coverage"": 0.65, ""desiredDirection"": ""high""}}}","[""accepts feedback without defensiveness"", ""explains what changed"", ""reflects on learning"", ""shows practical adjustment"", ""mentions result after the change""]"
Q_BF_008_INDEPENDENT_WORK,Describe a time you had to work independently without close supervision. How did you manage yourself?,IndependentWork,Medium,"[""BIG_FIVE"", ""PracticalAbilities"", ""ThinkingQuality""]","{""independentWork"": 0.95, ""selfManagement"": 0.9, ""ownership"": 0.7, ""responsibility"": 0.65}","{""BIG_FIVE"": {""C"": {""coverage"": 0.85, ""desiredDirection"": ""high""}, ""O"": {""coverage"": 0.35, ""desiredDirection"": ""high""}, ""N"": {""coverage"": 0.25, ""desiredDirection"": ""low""}}, ""PracticalAbilities"": {""Specificity"": {""coverage"": 0.6, ""desiredDirection"": ""high""}, ""Ownership"": {""coverage"": 0.8, ""desiredDirection"": ""high""}, ""Impact"": {""coverage"": 0.35, ""desiredDirection"": ""high""}}, ""ThinkingQuality"": {""structure"": {""coverage"": 0.6, ""desiredDirection"": ""high""}, ""applied"": {""coverage"": 0.55, ""desiredDirection"": ""high""}}}","[""sets priorities independently"", ""tracks progress"", ""takes responsibility"", ""knows when to ask for help"", ""delivers without constant reminders""]"
Q_BF_009_INITIATIVE,Tell me about a time you noticed something that needed to be done and acted without being asked.,Initiative,Medium,"[""BIG_FIVE"", ""PracticalAbilities""]","{""initiative"": 0.95, ""ownership"": 0.75, ""responsibility"": 0.7, ""processImprovement"": 0.5}","{""BIG_FIVE"": {""C"": {""coverage"": 0.75, ""desiredDirection"": ""high""}, ""O"": {""coverage"": 0.45, ""desiredDirection"": ""high""}, ""E"": {""coverage"": 0.35, ""desiredDirection"": ""high""}}, ""PracticalAbilities"": {""Specificity"": {""coverage"": 0.65, ""desiredDirection"": ""high""}, ""Ownership"": {""coverage"": 0.85, ""desiredDirection"": ""high""}, ""Impact"": {""coverage"": 0.55, ""desiredDirection"": ""high""}}}","[""identifies a need"", ""acts proactively"", ""explains personal action"", ""mentions result or value"", ""does not wait passively""]"
Q_BF_010_PRESSURE_RESPONSE,Describe a situation where you had to stay calm while dealing with pressure or a difficult task.,PressureHandling,Medium,"[""BIG_FIVE"", ""ThinkingQuality""]","{""pressureHandling"": 0.95, ""emotionalRegulation"": 0.9, ""selfManagement"": 0.6, ""problemSolving"": 0.55}","{""BIG_FIVE"": {""N"": {""coverage"": 0.95, ""desiredDirection"": ""low""}, ""C"": {""coverage"": 0.45, ""desiredDirection"": ""high""}}, ""ThinkingQuality"": {""clarity"": {""coverage"": 0.55, ""desiredDirection"": ""high""}, ""structure"": {""coverage"": 0.55, ""desiredDirection"": ""high""}, ""applied"": {""coverage"": 0.5, ""desiredDirection"": ""high""}}}","[""stays calm"", ""does not blame others"", ""breaks situation into manageable parts"", ""communicates appropriately"", ""continues working effectively""]"
Q_BF_011_COLLABORATION_STYLE,How do you prefer to collaborate with others when working on a shared task?,CollaborationStyle,Basic,"[""BIG_FIVE"", ""ThinkingQuality""]","{""teamwork"": 0.85, ""communication"": 0.8, ""collaboration"": 0.9, ""selfAwareness"": 0.45}","{""BIG_FIVE"": {""A"": {""coverage"": 0.85, ""desiredDirection"": ""high""}, ""E"": {""coverage"": 0.45, ""desiredDirection"": ""high""}, ""C"": {""coverage"": 0.35, ""desiredDirection"": ""high""}}, ""ThinkingQuality"": {""clarity"": {""coverage"": 0.55, ""desiredDirection"": ""high""}, ""metacognition"": {""coverage"": 0.45, ""desiredDirection"": ""high""}}}","[""describes collaboration habits"", ""mentions communication"", ""respects roles"", ""coordinates work"", ""shows awareness of team needs""]"
Q_BF_012_NEW_IDEAS,Tell me about a time you suggested or tried a new approach to solve a problem.,OpennessAndInnovation,Medium,"[""BIG_FIVE"", ""ThinkingQuality"", ""PracticalAbilities""]","{""learningAbility"": 0.6, ""adaptability"": 0.7, ""problemSolving"": 0.75, ""initiative"": 0.7, ""processImprovement"": 0.65}","{""BIG_FIVE"": {""O"": {""coverage"": 0.9, ""desiredDirection"": ""high""}, ""C"": {""coverage"": 0.35, ""desiredDirection"": ""high""}}, ""ThinkingQuality"": {""logic"": {""coverage"": 0.6, ""desiredDirection"": ""high""}, ""depth"": {""coverage"": 0.55, ""desiredDirection"": ""high""}, ""applied"": {""coverage"": 0.7, ""desiredDirection"": ""high""}}, ""PracticalAbilities"": {""Specificity"": {""coverage"": 0.55, ""desiredDirection"": ""high""}, ""Ownership"": {""coverage"": 0.55, ""desiredDirection"": ""high""}, ""Impact"": {""coverage"": 0.6, ""desiredDirection"": ""high""}}}","[""offers a new approach"", ""explains why it was useful"", ""tests or applies the idea"", ""reflects on outcome"", ""shows curiosity""]"
Q_PA_001_IMPLEMENTED_PROJECT_RESULT,"Tell me about a project or task you implemented yourself. What exactly did you do, and what was the result?",PracticalAbilities,Medium,"[""PracticalAbilities"", ""Experience"", ""BIG_FIVE""]","{""implementation"": 0.95, ""projectExperience"": 0.85, ""ownership"": 0.9, ""impact"": 0.85, ""independentWork"": 0.7}","{""PracticalAbilities"": {""Specificity"": {""coverage"": 0.9, ""desiredDirection"": ""high""}, ""Ownership"": {""coverage"": 0.95, ""desiredDirection"": ""high""}, ""Impact"": {""coverage"": 0.9, ""desiredDirection"": ""high""}}, ""Experience"": {""exposure"": {""coverage"": 0.65, ""desiredDirection"": ""high""}, ""complexity"": {""coverage"": 0.6, ""desiredDirection"": ""high""}, ""responsibility"": {""coverage"": 0.8, ""desiredDirection"": ""high""}}, ""BIG_FIVE"": {""C"": {""coverage"": 0.45, ""desiredDirection"": ""high""}, ""O"": {""coverage"": 0.25, ""desiredDirection"": ""high""}}}","[""clearly states personal contribution"", ""mentions implementation details"", ""explains what was delivered"", ""describes the result or impact"", ""distinguishes own work from team work""]"
Q_PA_002_PROCESS_IMPROVEMENT,Tell me about something you improved. What changed because of your work?,ImpactAndImprovement,Medium,"[""PracticalAbilities"", ""ThinkingQuality"", ""BIG_FIVE""]","{""processImprovement"": 0.95, ""impact"": 0.95, ""initiative"": 0.65, ""ownership"": 0.7}","{""PracticalAbilities"": {""Specificity"": {""coverage"": 0.75, ""desiredDirection"": ""high""}, ""Ownership"": {""coverage"": 0.75, ""desiredDirection"": ""high""}, ""Impact"": {""coverage"": 0.95, ""desiredDirection"": ""high""}}, ""ThinkingQuality"": {""clarity"": {""coverage"": 0.6, ""desiredDirection"": ""high""}, ""applied"": {""coverage"": 0.75, ""desiredDirection"": ""high""}}, ""BIG_FIVE"": {""C"": {""coverage"": 0.45, ""desiredDirection"": ""high""}, ""O"": {""coverage"": 0.35, ""desiredDirection"": ""high""}}}","[""identifies what was improved"", ""explains own action"", ""describes measurable or visible result"", ""connects action to outcome"", ""shows initiative""]"
Q_PA_003_PERSONAL_CONTRIBUTION,"Think of a team project you were part of. What was your personal contribution, and how do you know it mattered?",PersonalContribution,Medium,"[""PracticalAbilities"", ""Experience"", ""BIG_FIVE""]","{""ownership"": 0.9, ""impact"": 0.8, ""teamwork"": 0.6, ""projectExperience"": 0.75}","{""PracticalAbilities"": {""Specificity"": {""coverage"": 0.8, ""desiredDirection"": ""high""}, ""Ownership"": {""coverage"": 0.95, ""desiredDirection"": ""high""}, ""Impact"": {""coverage"": 0.8, ""desiredDirection"": ""high""}}, ""Experience"": {""exposure"": {""coverage"": 0.55, ""desiredDirection"": ""high""}, ""complexity"": {""coverage"": 0.6, ""desiredDirection"": ""high""}, ""responsibility"": {""coverage"": 0.75, ""desiredDirection"": ""high""}}, ""BIG_FIVE"": {""C"": {""coverage"": 0.35, ""desiredDirection"": ""high""}, ""A"": {""coverage"": 0.3, ""desiredDirection"": ""high""}}}","[""separates own work from team work"", ""states responsibility"", ""mentions impact"", ""uses concrete details"", ""does not speak only in generalities""]"
Q_PA_004_PRODUCTION_DELIVERY,"Tell me about something you delivered to real users, production, or an actual business process.",DeliveryImpact,Medium,"[""PracticalAbilities"", ""Experience"", ""ThinkingQuality""]","{""impact"": 0.9, ""implementation"": 0.85, ""professionalExposure"": 0.75, ""responsibility"": 0.7}","{""PracticalAbilities"": {""Specificity"": {""coverage"": 0.75, ""desiredDirection"": ""high""}, ""Ownership"": {""coverage"": 0.75, ""desiredDirection"": ""high""}, ""Impact"": {""coverage"": 0.95, ""desiredDirection"": ""high""}}, ""Experience"": {""exposure"": {""coverage"": 0.8, ""desiredDirection"": ""high""}, ""complexity"": {""coverage"": 0.7, ""desiredDirection"": ""high""}, ""responsibility"": {""coverage"": 0.75, ""desiredDirection"": ""high""}}, ""ThinkingQuality"": {""clarity"": {""coverage"": 0.55, ""desiredDirection"": ""high""}, ""applied"": {""coverage"": 0.8, ""desiredDirection"": ""high""}}}","[""mentions real users or process"", ""describes delivery context"", ""explains personal responsibility"", ""describes result"", ""shows practical impact""]"
Q_PA_005_AUTOMATION_SCRIPT,"Tell me about a script, automation, dashboard, report, or tool you built. What problem did it solve?",ImplementationAndImpact,Medium,"[""PracticalAbilities"", ""Experience"", ""ThinkingQuality""]","{""implementation"": 0.9, ""automation"": 0.9, ""impact"": 0.8, ""technicalExperience"": 0.75}","{""PracticalAbilities"": {""Specificity"": {""coverage"": 0.85, ""desiredDirection"": ""high""}, ""Ownership"": {""coverage"": 0.8, ""desiredDirection"": ""high""}, ""Impact"": {""coverage"": 0.85, ""desiredDirection"": ""high""}}, ""Experience"": {""exposure"": {""coverage"": 0.7, ""desiredDirection"": ""high""}, ""complexity"": {""coverage"": 0.6, ""desiredDirection"": ""high""}, ""responsibility"": {""coverage"": 0.65, ""desiredDirection"": ""high""}}, ""ThinkingQuality"": {""structure"": {""coverage"": 0.55, ""desiredDirection"": ""high""}, ""applied"": {""coverage"": 0.8, ""desiredDirection"": ""high""}}}","[""describes what was built"", ""explains why it was needed"", ""mentions tools or environment"", ""states result or benefit"", ""shows ownership""]"
Q_PA_006_OWNED_TASK_END_TO_END,"Tell me about a task you owned from beginning to end. How did you plan, execute, and finish it?",Ownership,Medium,"[""PracticalAbilities"", ""Experience"", ""BIG_FIVE""]","{""ownership"": 0.95, ""responsibility"": 0.9, ""selfManagement"": 0.8, ""prioritization"": 0.55}","{""PracticalAbilities"": {""Specificity"": {""coverage"": 0.75, ""desiredDirection"": ""high""}, ""Ownership"": {""coverage"": 0.95, ""desiredDirection"": ""high""}, ""Impact"": {""coverage"": 0.6, ""desiredDirection"": ""high""}}, ""Experience"": {""exposure"": {""coverage"": 0.5, ""desiredDirection"": ""high""}, ""complexity"": {""coverage"": 0.55, ""desiredDirection"": ""high""}, ""responsibility"": {""coverage"": 0.9, ""desiredDirection"": ""high""}}, ""BIG_FIVE"": {""C"": {""coverage"": 0.75, ""desiredDirection"": ""high""}}}","[""plans work"", ""executes independently"", ""follows through"", ""mentions responsibility"", ""explains final result""]"
Q_PA_007_FIXING_REAL_ISSUE,"Describe a real issue you fixed. What was broken, what did you do, and how did you verify it was fixed?",IssueResolution,Medium,"[""PracticalAbilities"", ""ThinkingQuality"", ""Experience""]","{""problemSolving"": 0.85, ""debugging"": 0.8, ""implementation"": 0.75, ""qualityAwareness"": 0.7}","{""PracticalAbilities"": {""Specificity"": {""coverage"": 0.9, ""desiredDirection"": ""high""}, ""Ownership"": {""coverage"": 0.75, ""desiredDirection"": ""high""}, ""Impact"": {""coverage"": 0.7, ""desiredDirection"": ""high""}}, ""ThinkingQuality"": {""logic"": {""coverage"": 0.8, ""desiredDirection"": ""high""}, ""structure"": {""coverage"": 0.85, ""desiredDirection"": ""high""}, ""applied"": {""coverage"": 0.85, ""desiredDirection"": ""high""}}, ""Experience"": {""exposure"": {""coverage"": 0.5, ""desiredDirection"": ""high""}, ""complexity"": {""coverage"": 0.6, ""desiredDirection"": ""high""}, ""responsibility"": {""coverage"": 0.55, ""desiredDirection"": ""high""}}}","[""describes the issue clearly"", ""explains actions taken"", ""verifies the result"", ""uses evidence"", ""takes responsibility""]"
Q_PA_008_MEASURABLE_RESULT,"Tell me about a task where you can point to a clear result, metric, or visible improvement.",MeasurableImpact,Medium,"[""PracticalAbilities"", ""ThinkingQuality""]","{""impact"": 0.95, ""processImprovement"": 0.8, ""responsibility"": 0.55, ""specificity"": 0.8}","{""PracticalAbilities"": {""Specificity"": {""coverage"": 0.85, ""desiredDirection"": ""high""}, ""Ownership"": {""coverage"": 0.6, ""desiredDirection"": ""high""}, ""Impact"": {""coverage"": 0.95, ""desiredDirection"": ""high""}}, ""ThinkingQuality"": {""clarity"": {""coverage"": 0.65, ""desiredDirection"": ""high""}, ""applied"": {""coverage"": 0.8, ""desiredDirection"": ""high""}}}","[""mentions a clear before and after"", ""uses measurable result if possible"", ""connects own work to outcome"", ""explains why result mattered"", ""is specific""]"
Q_PA_009_MAINTAIN_EXISTING_SYSTEM,"Tell me about a time you maintained, improved, or fixed something that already existed rather than building from scratch.",MaintenanceAndOwnership,Medium,"[""PracticalAbilities"", ""Experience"", ""BIG_FIVE""]","{""maintenanceWork"": 0.95, ""ownership"": 0.75, ""problemSolving"": 0.7, ""qualityAwareness"": 0.7}","{""PracticalAbilities"": {""Specificity"": {""coverage"": 0.8, ""desiredDirection"": ""high""}, ""Ownership"": {""coverage"": 0.8, ""desiredDirection"": ""high""}, ""Impact"": {""coverage"": 0.65, ""desiredDirection"": ""high""}}, ""Experience"": {""exposure"": {""coverage"": 0.7, ""desiredDirection"": ""high""}, ""complexity"": {""coverage"": 0.65, ""desiredDirection"": ""high""}, ""responsibility"": {""coverage"": 0.65, ""desiredDirection"": ""high""}}, ""BIG_FIVE"": {""C"": {""coverage"": 0.6, ""desiredDirection"": ""high""}}}","[""understands existing system"", ""works carefully"", ""describes improvement or fix"", ""takes responsibility"", ""mentions constraints""]"
Q_PA_010_UNBLOCKED_WORK,Tell me about a time you were blocked on a task. What did you do to move forward?,Resourcefulness,Medium,"[""PracticalAbilities"", ""ThinkingQuality"", ""BIG_FIVE""]","{""problemSolving"": 0.75, ""ownership"": 0.7, ""communication"": 0.55, ""selfManagement"": 0.65}","{""PracticalAbilities"": {""Specificity"": {""coverage"": 0.65, ""desiredDirection"": ""high""}, ""Ownership"": {""coverage"": 0.8, ""desiredDirection"": ""high""}, ""Impact"": {""coverage"": 0.45, ""desiredDirection"": ""high""}}, ""ThinkingQuality"": {""logic"": {""coverage"": 0.65, ""desiredDirection"": ""high""}, ""metacognition"": {""coverage"": 0.65, ""desiredDirection"": ""high""}, ""applied"": {""coverage"": 0.6, ""desiredDirection"": ""high""}}, ""BIG_FIVE"": {""C"": {""coverage"": 0.5, ""desiredDirection"": ""high""}, ""N"": {""coverage"": 0.35, ""desiredDirection"": ""low""}}}","[""identifies blocker"", ""takes action"", ""asks for help appropriately"", ""tries reasonable options"", ""keeps progress""]"
Q_PA_011_QUALITY_CHECK,Describe how you check that your work is correct before handing it over.,QualityOwnership,Basic,"[""PracticalAbilities"", ""BIG_FIVE"", ""ThinkingQuality""]","{""attentionToDetail"": 0.95, ""qualityAwareness"": 0.9, ""responsibility"": 0.7, ""selfManagement"": 0.55}","{""PracticalAbilities"": {""Specificity"": {""coverage"": 0.75, ""desiredDirection"": ""high""}, ""Ownership"": {""coverage"": 0.7, ""desiredDirection"": ""high""}, ""Impact"": {""coverage"": 0.45, ""desiredDirection"": ""high""}}, ""BIG_FIVE"": {""C"": {""coverage"": 0.85, ""desiredDirection"": ""high""}}, ""ThinkingQuality"": {""structure"": {""coverage"": 0.55, ""desiredDirection"": ""high""}, ""applied"": {""coverage"": 0.55, ""desiredDirection"": ""high""}}}","[""checks work systematically"", ""tests or reviews output"", ""mentions edge cases"", ""takes responsibility for quality"", ""does not rely only on others""]"
Q_PA_012_DELIVER_UNDER_LIMITS,"Tell me about a task you completed with limited time, limited information, or limited resources.",ExecutionUnderConstraints,Medium,"[""PracticalAbilities"", ""ThinkingQuality"", ""BIG_FIVE""]","{""pressureHandling"": 0.7, ""prioritization"": 0.75, ""ownership"": 0.75, ""problemSolving"": 0.7}","{""PracticalAbilities"": {""Specificity"": {""coverage"": 0.7, ""desiredDirection"": ""high""}, ""Ownership"": {""coverage"": 0.8, ""desiredDirection"": ""high""}, ""Impact"": {""coverage"": 0.6, ""desiredDirection"": ""high""}}, ""ThinkingQuality"": {""logic"": {""coverage"": 0.65, ""desiredDirection"": ""high""}, ""structure"": {""coverage"": 0.7, ""desiredDirection"": ""high""}, ""applied"": {""coverage"": 0.7, ""desiredDirection"": ""high""}}, ""BIG_FIVE"": {""N"": {""coverage"": 0.5, ""desiredDirection"": ""low""}, ""C"": {""coverage"": 0.55, ""desiredDirection"": ""high""}}}","[""explains constraints"", ""prioritizes wisely"", ""takes responsibility"", ""delivers practical result"", ""communicates tradeoffs""]"
Q_TQ_001_TECHNICAL_PROBLEM_STEP_BY_STEP,"Describe a technical problem you solved step by step. What options did you consider, and why did you choose your solution?",ThinkingQuality,Medium,"[""ThinkingQuality"", ""PracticalAbilities"", ""BIG_FIVE""]","{""problemSolving"": 0.95, ""technicalThinking"": 0.9, ""structuredThinking"": 0.95, ""debugging"": 0.85, ""decisionMaking"": 0.8}","{""ThinkingQuality"": {""logic"": {""coverage"": 0.95, ""desiredDirection"": ""high""}, ""clarity"": {""coverage"": 0.85, ""desiredDirection"": ""high""}, ""depth"": {""coverage"": 0.8, ""desiredDirection"": ""high""}, ""structure"": {""coverage"": 0.95, ""desiredDirection"": ""high""}, ""metacognition"": {""coverage"": 0.65, ""desiredDirection"": ""high""}, ""applied"": {""coverage"": 0.85, ""desiredDirection"": ""high""}}, ""PracticalAbilities"": {""Specificity"": {""coverage"": 0.85, ""desiredDirection"": ""high""}, ""Ownership"": {""coverage"": 0.55, ""desiredDirection"": ""high""}, ""Impact"": {""coverage"": 0.45, ""desiredDirection"": ""high""}}, ""BIG_FIVE"": {""C"": {""coverage"": 0.35, ""desiredDirection"": ""high""}, ""O"": {""coverage"": 0.25, ""desiredDirection"": ""high""}}}","[""explains the problem clearly"", ""breaks the solution into steps"", ""mentions alternatives"", ""uses evidence rather than guessing"", ""connects reasoning to implementation""]"
Q_TQ_002_DECISION_TRADEOFFS,Tell me about a decision where you had to choose between two imperfect options. How did you decide?,DecisionMaking,Medium,"[""ThinkingQuality"", ""BIG_FIVE""]","{""decisionMaking"": 0.95, ""structuredThinking"": 0.85, ""tradeoffAnalysis"": 0.9, ""problemSolving"": 0.65}","{""ThinkingQuality"": {""logic"": {""coverage"": 0.9, ""desiredDirection"": ""high""}, ""clarity"": {""coverage"": 0.8, ""desiredDirection"": ""high""}, ""depth"": {""coverage"": 0.9, ""desiredDirection"": ""high""}, ""structure"": {""coverage"": 0.8, ""desiredDirection"": ""high""}, ""metacognition"": {""coverage"": 0.75, ""desiredDirection"": ""high""}, ""applied"": {""coverage"": 0.65, ""desiredDirection"": ""high""}}, ""BIG_FIVE"": {""C"": {""coverage"": 0.35, ""desiredDirection"": ""high""}, ""O"": {""coverage"": 0.35, ""desiredDirection"": ""high""}}}","[""identifies tradeoffs"", ""explains criteria"", ""uses reasoning"", ""reflects on outcome"", ""does not oversimplify""]"
Q_TQ_003_ROOT_CAUSE,Describe how you would find the root cause of a recurring problem.,RootCauseAnalysis,Medium,"[""ThinkingQuality"", ""PracticalAbilities""]","{""problemSolving"": 0.9, ""technicalThinking"": 0.7, ""structuredThinking"": 0.95, ""debugging"": 0.75}","{""ThinkingQuality"": {""logic"": {""coverage"": 0.95, ""desiredDirection"": ""high""}, ""clarity"": {""coverage"": 0.8, ""desiredDirection"": ""high""}, ""depth"": {""coverage"": 0.85, ""desiredDirection"": ""high""}, ""structure"": {""coverage"": 0.9, ""desiredDirection"": ""high""}, ""metacognition"": {""coverage"": 0.6, ""desiredDirection"": ""high""}, ""applied"": {""coverage"": 0.7, ""desiredDirection"": ""high""}}, ""PracticalAbilities"": {""Specificity"": {""coverage"": 0.7, ""desiredDirection"": ""high""}, ""Ownership"": {""coverage"": 0.45, ""desiredDirection"": ""high""}, ""Impact"": {""coverage"": 0.4, ""desiredDirection"": ""high""}}}","[""distinguishes symptoms from causes"", ""uses systematic investigation"", ""checks evidence"", ""avoids random guessing"", ""describes verification""]"
Q_TQ_004_EXPLAIN_COMPLEX_TOPIC,Explain a complex topic or process you worked with in a way that a non-expert could understand.,Clarity,Medium,"[""ThinkingQuality"", ""BIG_FIVE""]","{""communication"": 0.8, ""clarity"": 0.95, ""technicalThinking"": 0.6, ""stakeholderWork"": 0.5}","{""ThinkingQuality"": {""logic"": {""coverage"": 0.65, ""desiredDirection"": ""high""}, ""clarity"": {""coverage"": 0.95, ""desiredDirection"": ""high""}, ""depth"": {""coverage"": 0.65, ""desiredDirection"": ""high""}, ""structure"": {""coverage"": 0.8, ""desiredDirection"": ""high""}, ""applied"": {""coverage"": 0.6, ""desiredDirection"": ""high""}}, ""BIG_FIVE"": {""A"": {""coverage"": 0.45, ""desiredDirection"": ""high""}, ""E"": {""coverage"": 0.3, ""desiredDirection"": ""high""}}}","[""uses simple language"", ""organizes explanation"", ""avoids unnecessary jargon"", ""checks understanding"", ""keeps accuracy""]"
Q_TQ_005_LEARN_FROM_MISTAKE,"Tell me about a mistake or wrong assumption you made in a task. How did you realize it, and what did you change?",Metacognition,Medium,"[""ThinkingQuality"", ""BIG_FIVE""]","{""metacognition"": 0.95, ""learningAbility"": 0.75, ""problemSolving"": 0.6, ""qualityAwareness"": 0.6}","{""ThinkingQuality"": {""logic"": {""coverage"": 0.65, ""desiredDirection"": ""high""}, ""clarity"": {""coverage"": 0.7, ""desiredDirection"": ""high""}, ""depth"": {""coverage"": 0.8, ""desiredDirection"": ""high""}, ""structure"": {""coverage"": 0.65, ""desiredDirection"": ""high""}, ""metacognition"": {""coverage"": 0.95, ""desiredDirection"": ""high""}, ""applied"": {""coverage"": 0.75, ""desiredDirection"": ""high""}}, ""BIG_FIVE"": {""O"": {""coverage"": 0.55, ""desiredDirection"": ""high""}, ""N"": {""coverage"": 0.35, ""desiredDirection"": ""low""}, ""C"": {""coverage"": 0.35, ""desiredDirection"": ""high""}}}","[""recognizes own mistake"", ""explains how they noticed it"", ""adjusts approach"", ""reflects on learning"", ""does not blame only external factors""]"
Q_TQ_006_PLAN_BEFORE_ACTION,"Before starting a complex task, how do you usually plan your approach?",PlanningAndStructure,Basic,"[""ThinkingQuality"", ""BIG_FIVE""]","{""structuredThinking"": 0.95, ""selfManagement"": 0.7, ""prioritization"": 0.75, ""problemSolving"": 0.65}","{""ThinkingQuality"": {""logic"": {""coverage"": 0.75, ""desiredDirection"": ""high""}, ""clarity"": {""coverage"": 0.75, ""desiredDirection"": ""high""}, ""depth"": {""coverage"": 0.65, ""desiredDirection"": ""high""}, ""structure"": {""coverage"": 0.95, ""desiredDirection"": ""high""}, ""metacognition"": {""coverage"": 0.6, ""desiredDirection"": ""high""}, ""applied"": {""coverage"": 0.65, ""desiredDirection"": ""high""}}, ""BIG_FIVE"": {""C"": {""coverage"": 0.65, ""desiredDirection"": ""high""}}}","[""defines goal"", ""breaks into steps"", ""identifies risks"", ""prioritizes work"", ""checks progress""]"
Q_TQ_007_EVIDENCE_BASED_REASONING,"Tell me about a time you used data, evidence, or feedback to make a decision.",EvidenceBasedReasoning,Medium,"[""ThinkingQuality"", ""Experience""]","{""decisionMaking"": 0.85, ""dataUse"": 0.8, ""structuredThinking"": 0.75, ""problemSolving"": 0.7}","{""ThinkingQuality"": {""logic"": {""coverage"": 0.9, ""desiredDirection"": ""high""}, ""clarity"": {""coverage"": 0.75, ""desiredDirection"": ""high""}, ""depth"": {""coverage"": 0.75, ""desiredDirection"": ""high""}, ""structure"": {""coverage"": 0.7, ""desiredDirection"": ""high""}, ""metacognition"": {""coverage"": 0.55, ""desiredDirection"": ""high""}, ""applied"": {""coverage"": 0.8, ""desiredDirection"": ""high""}}, ""Experience"": {""exposure"": {""coverage"": 0.55, ""desiredDirection"": ""high""}, ""complexity"": {""coverage"": 0.55, ""desiredDirection"": ""high""}, ""responsibility"": {""coverage"": 0.45, ""desiredDirection"": ""high""}}}","[""uses evidence"", ""explains interpretation"", ""connects evidence to decision"", ""mentions limitations"", ""applies result""]"
Q_TQ_008_UNKNOWN_PROBLEM,How do you approach a problem when you do not initially know the answer?,UnknownProblemSolving,Medium,"[""ThinkingQuality"", ""BIG_FIVE""]","{""problemSolving"": 0.9, ""learningAbility"": 0.8, ""ambiguityHandling"": 0.75, ""structuredThinking"": 0.85}","{""ThinkingQuality"": {""logic"": {""coverage"": 0.85, ""desiredDirection"": ""high""}, ""clarity"": {""coverage"": 0.75, ""desiredDirection"": ""high""}, ""depth"": {""coverage"": 0.75, ""desiredDirection"": ""high""}, ""structure"": {""coverage"": 0.85, ""desiredDirection"": ""high""}, ""metacognition"": {""coverage"": 0.8, ""desiredDirection"": ""high""}, ""applied"": {""coverage"": 0.65, ""desiredDirection"": ""high""}}, ""BIG_FIVE"": {""O"": {""coverage"": 0.5, ""desiredDirection"": ""high""}, ""N"": {""coverage"": 0.35, ""desiredDirection"": ""low""}}}","[""breaks down unknowns"", ""searches for information"", ""tests assumptions"", ""learns iteratively"", ""explains thinking process""]"
Q_TQ_009_REQUIREMENT_ANALYSIS,"When someone gives you a broad request, how do you turn it into concrete tasks?",RequirementAnalysis,Medium,"[""ThinkingQuality"", ""BIG_FIVE""]","{""ambiguityHandling"": 0.85, ""structuredThinking"": 0.9, ""communication"": 0.7, ""planning"": 0.75}","{""ThinkingQuality"": {""logic"": {""coverage"": 0.85, ""desiredDirection"": ""high""}, ""clarity"": {""coverage"": 0.8, ""desiredDirection"": ""high""}, ""depth"": {""coverage"": 0.7, ""desiredDirection"": ""high""}, ""structure"": {""coverage"": 0.9, ""desiredDirection"": ""high""}, ""metacognition"": {""coverage"": 0.65, ""desiredDirection"": ""high""}, ""applied"": {""coverage"": 0.75, ""desiredDirection"": ""high""}}, ""BIG_FIVE"": {""C"": {""coverage"": 0.55, ""desiredDirection"": ""high""}, ""A"": {""coverage"": 0.35, ""desiredDirection"": ""high""}}}","[""clarifies goals"", ""identifies missing information"", ""breaks into tasks"", ""communicates assumptions"", ""defines deliverables""]"
Q_TQ_010_EVALUATE_SOLUTION,"After solving a problem, how do you evaluate whether your solution was good enough?",Evaluation,Medium,"[""ThinkingQuality"", ""PracticalAbilities""]","{""qualityAwareness"": 0.85, ""problemSolving"": 0.7, ""metacognition"": 0.85, ""impact"": 0.55}","{""ThinkingQuality"": {""logic"": {""coverage"": 0.75, ""desiredDirection"": ""high""}, ""clarity"": {""coverage"": 0.7, ""desiredDirection"": ""high""}, ""depth"": {""coverage"": 0.8, ""desiredDirection"": ""high""}, ""structure"": {""coverage"": 0.65, ""desiredDirection"": ""high""}, ""metacognition"": {""coverage"": 0.9, ""desiredDirection"": ""high""}, ""applied"": {""coverage"": 0.75, ""desiredDirection"": ""high""}}, ""PracticalAbilities"": {""Specificity"": {""coverage"": 0.55, ""desiredDirection"": ""high""}, ""Ownership"": {""coverage"": 0.45, ""desiredDirection"": ""high""}, ""Impact"": {""coverage"": 0.6, ""desiredDirection"": ""high""}}}","[""defines success criteria"", ""tests result"", ""considers limitations"", ""reflects on improvement"", ""connects to real outcome""]"
Q_TQ_011_TEACH_YOUR_PROCESS,Walk me through how you think when solving a difficult task from start to finish.,ThinkingProcess,Medium,"[""ThinkingQuality""]","{""structuredThinking"": 0.95, ""problemSolving"": 0.85, ""metacognition"": 0.9, ""clarity"": 0.75}","{""ThinkingQuality"": {""logic"": {""coverage"": 0.85, ""desiredDirection"": ""high""}, ""clarity"": {""coverage"": 0.8, ""desiredDirection"": ""high""}, ""depth"": {""coverage"": 0.8, ""desiredDirection"": ""high""}, ""structure"": {""coverage"": 0.95, ""desiredDirection"": ""high""}, ""metacognition"": {""coverage"": 0.95, ""desiredDirection"": ""high""}, ""applied"": {""coverage"": 0.6, ""desiredDirection"": ""high""}}}","[""describes process"", ""shows sequence"", ""explains why steps matter"", ""reflects on decision points"", ""communicates clearly""]"
Q_TQ_012_PRIORITIZE_LOGICALLY,"If you have several urgent tasks at once, how do you decide what to do first?",PrioritizationReasoning,Basic,"[""ThinkingQuality"", ""BIG_FIVE""]","{""prioritization"": 0.95, ""decisionMaking"": 0.8, ""pressureHandling"": 0.6, ""structuredThinking"": 0.75}","{""ThinkingQuality"": {""logic"": {""coverage"": 0.85, ""desiredDirection"": ""high""}, ""clarity"": {""coverage"": 0.75, ""desiredDirection"": ""high""}, ""depth"": {""coverage"": 0.7, ""desiredDirection"": ""high""}, ""structure"": {""coverage"": 0.8, ""desiredDirection"": ""high""}, ""applied"": {""coverage"": 0.7, ""desiredDirection"": ""high""}}, ""BIG_FIVE"": {""C"": {""coverage"": 0.55, ""desiredDirection"": ""high""}, ""N"": {""coverage"": 0.35, ""desiredDirection"": ""low""}}}","[""uses criteria"", ""considers impact and urgency"", ""communicates tradeoffs"", ""handles pressure"", ""does not choose randomly""]"
Q_EXP_001_PROFESSIONAL_EXPERIENCE,"Tell me about your most relevant professional experience. What systems, tools, or environments did you work with, what made the work complex, and what were you personally responsible for?",Experience,Medium,"[""Experience"", ""PracticalAbilities""]","{""professionalExposure"": 0.95, ""projectExperience"": 0.9, ""complexity"": 0.9, ""responsibility"": 0.95, ""ownership"": 0.65}","{""Experience"": {""exposure"": {""coverage"": 0.95, ""desiredDirection"": ""high""}, ""complexity"": {""coverage"": 0.9, ""desiredDirection"": ""high""}, ""responsibility"": {""coverage"": 0.95, ""desiredDirection"": ""high""}}, ""PracticalAbilities"": {""Specificity"": {""coverage"": 0.75, ""desiredDirection"": ""high""}, ""Ownership"": {""coverage"": 0.65, ""desiredDirection"": ""high""}, ""Impact"": {""coverage"": 0.45, ""desiredDirection"": ""high""}}}","[""mentions real work context"", ""mentions systems tools users or environments"", ""explains complexity"", ""states personal responsibility"", ""describes what was delivered or maintained""]"
Q_EXP_002_DATABASE_EXPERIENCE,"Tell me about your experience working with databases, data queries, or data-related tasks. What did you actually do?",DatabaseExperience,Basic,"[""Experience"", ""PracticalAbilities"", ""ThinkingQuality""]","{""database"": 0.95, ""dataWork"": 0.85, ""technicalExperience"": 0.75, ""specificity"": 0.65, ""projectExperience"": 0.55}","{""Experience"": {""exposure"": {""coverage"": 0.85, ""desiredDirection"": ""high""}, ""complexity"": {""coverage"": 0.65, ""desiredDirection"": ""high""}, ""responsibility"": {""coverage"": 0.45, ""desiredDirection"": ""high""}}, ""PracticalAbilities"": {""Specificity"": {""coverage"": 0.8, ""desiredDirection"": ""high""}, ""Ownership"": {""coverage"": 0.45, ""desiredDirection"": ""high""}, ""Impact"": {""coverage"": 0.35, ""desiredDirection"": ""high""}}, ""ThinkingQuality"": {""clarity"": {""coverage"": 0.55, ""desiredDirection"": ""high""}, ""applied"": {""coverage"": 0.65, ""desiredDirection"": ""high""}}}","[""mentions database or data work"", ""explains query or data usage"", ""describes practical responsibility"", ""mentions real tools or environments"", ""explains purpose of data work""]"
Q_EXP_003_API_INTEGRATION_EXPERIENCE,"Tell me about your experience working with APIs, integrations, or communication between systems.",APIExperience,Medium,"[""Experience"", ""ThinkingQuality"", ""PracticalAbilities""]","{""api"": 0.95, ""backend"": 0.7, ""integration"": 0.95, ""technicalExperience"": 0.75, ""systemUnderstanding"": 0.75}","{""Experience"": {""exposure"": {""coverage"": 0.8, ""desiredDirection"": ""high""}, ""complexity"": {""coverage"": 0.75, ""desiredDirection"": ""high""}, ""responsibility"": {""coverage"": 0.45, ""desiredDirection"": ""high""}}, ""ThinkingQuality"": {""logic"": {""coverage"": 0.65, ""desiredDirection"": ""high""}, ""clarity"": {""coverage"": 0.7, ""desiredDirection"": ""high""}, ""structure"": {""coverage"": 0.55, ""desiredDirection"": ""high""}, ""applied"": {""coverage"": 0.75, ""desiredDirection"": ""high""}}, ""PracticalAbilities"": {""Specificity"": {""coverage"": 0.7, ""desiredDirection"": ""high""}, ""Ownership"": {""coverage"": 0.4, ""desiredDirection"": ""high""}}}","[""mentions APIs or integrations"", ""understands request and response flow"", ""explains system interaction"", ""mentions practical implementation"", ""describes integration challenges""]"
Q_EXP_004_PRODUCTION_ENVIRONMENT,"Have you worked with production, live users, real customers, or operational systems? Describe your role.",ProductionExposure,Medium,"[""Experience"", ""PracticalAbilities"", ""BIG_FIVE""]","{""professionalExposure"": 0.9, ""production"": 0.95, ""responsibility"": 0.75, ""complexity"": 0.7}","{""Experience"": {""exposure"": {""coverage"": 0.95, ""desiredDirection"": ""high""}, ""complexity"": {""coverage"": 0.75, ""desiredDirection"": ""high""}, ""responsibility"": {""coverage"": 0.8, ""desiredDirection"": ""high""}}, ""PracticalAbilities"": {""Specificity"": {""coverage"": 0.65, ""desiredDirection"": ""high""}, ""Ownership"": {""coverage"": 0.7, ""desiredDirection"": ""high""}, ""Impact"": {""coverage"": 0.65, ""desiredDirection"": ""high""}}, ""BIG_FIVE"": {""C"": {""coverage"": 0.35, ""desiredDirection"": ""high""}}}","[""mentions real production or users"", ""states role"", ""explains responsibility"", ""describes constraints"", ""mentions impact or reliability""]"
Q_EXP_005_MOST_COMPLEX_PROJECT,"Describe the most complex project, task, or work environment you have been involved in. What made it complex?",Complexity,Medium,"[""Experience"", ""ThinkingQuality"", ""PracticalAbilities""]","{""complexity"": 0.95, ""projectExperience"": 0.85, ""systemUnderstanding"": 0.7, ""professionalExposure"": 0.7}","{""Experience"": {""exposure"": {""coverage"": 0.75, ""desiredDirection"": ""high""}, ""complexity"": {""coverage"": 0.95, ""desiredDirection"": ""high""}, ""responsibility"": {""coverage"": 0.55, ""desiredDirection"": ""high""}}, ""ThinkingQuality"": {""clarity"": {""coverage"": 0.7, ""desiredDirection"": ""high""}, ""depth"": {""coverage"": 0.8, ""desiredDirection"": ""high""}, ""structure"": {""coverage"": 0.65, ""desiredDirection"": ""high""}}, ""PracticalAbilities"": {""Specificity"": {""coverage"": 0.65, ""desiredDirection"": ""high""}, ""Ownership"": {""coverage"": 0.45, ""desiredDirection"": ""high""}}}","[""describes complexity"", ""mentions dependencies or constraints"", ""explains role"", ""shows understanding of environment"", ""not just a simple task""]"
Q_EXP_006_RESPONSIBILITY_SCOPE,"What responsibilities have you had in previous work, projects, or studies that are most relevant to this role?",ResponsibilityScope,Basic,"[""Experience"", ""PracticalAbilities"", ""BIG_FIVE""]","{""responsibility"": 0.95, ""professionalExposure"": 0.75, ""projectExperience"": 0.7, ""ownership"": 0.75}","{""Experience"": {""exposure"": {""coverage"": 0.75, ""desiredDirection"": ""high""}, ""complexity"": {""coverage"": 0.6, ""desiredDirection"": ""high""}, ""responsibility"": {""coverage"": 0.95, ""desiredDirection"": ""high""}}, ""PracticalAbilities"": {""Specificity"": {""coverage"": 0.6, ""desiredDirection"": ""high""}, ""Ownership"": {""coverage"": 0.75, ""desiredDirection"": ""high""}, ""Impact"": {""coverage"": 0.35, ""desiredDirection"": ""high""}}, ""BIG_FIVE"": {""C"": {""coverage"": 0.45, ""desiredDirection"": ""high""}}}","[""states responsibilities clearly"", ""distinguishes role from team"", ""mentions ownership"", ""describes deliverables"", ""connects to role""]"
Q_EXP_007_TOOLS_ENVIRONMENTS,"What tools, platforms, systems, or work environments have you used, and how did you use them?",ToolExposure,Basic,"[""Experience"", ""PracticalAbilities""]","{""professionalExposure"": 0.9, ""technicalExperience"": 0.8, ""specificity"": 0.75, ""tools"": 0.95}","{""Experience"": {""exposure"": {""coverage"": 0.95, ""desiredDirection"": ""high""}, ""complexity"": {""coverage"": 0.55, ""desiredDirection"": ""high""}, ""responsibility"": {""coverage"": 0.35, ""desiredDirection"": ""high""}}, ""PracticalAbilities"": {""Specificity"": {""coverage"": 0.75, ""desiredDirection"": ""high""}, ""Ownership"": {""coverage"": 0.35, ""desiredDirection"": ""high""}}}","[""names tools or systems"", ""explains actual usage"", ""does not only list buzzwords"", ""describes context"", ""states level of involvement""]"
Q_EXP_008_CLIENT_OR_STAKEHOLDER_EXPOSURE,"Tell me about your experience working with users, clients, stakeholders, or internal teams.",StakeholderExposure,Basic,"[""Experience"", ""BIG_FIVE"", ""ThinkingQuality""]","{""stakeholderWork"": 0.95, ""communication"": 0.85, ""professionalExposure"": 0.8, ""responsibility"": 0.55}","{""Experience"": {""exposure"": {""coverage"": 0.8, ""desiredDirection"": ""high""}, ""complexity"": {""coverage"": 0.6, ""desiredDirection"": ""high""}, ""responsibility"": {""coverage"": 0.55, ""desiredDirection"": ""high""}}, ""BIG_FIVE"": {""A"": {""coverage"": 0.65, ""desiredDirection"": ""high""}, ""E"": {""coverage"": 0.35, ""desiredDirection"": ""high""}}, ""ThinkingQuality"": {""clarity"": {""coverage"": 0.55, ""desiredDirection"": ""high""}, ""applied"": {""coverage"": 0.45, ""desiredDirection"": ""high""}}}","[""mentions stakeholder interaction"", ""explains communication context"", ""describes responsibility"", ""shows professional exposure"", ""handles different needs""]"
Q_EXP_009_LEARNING_ON_JOB,Tell me about something you learned during work or a project because the situation required it.,LearningFromExperience,Medium,"[""Experience"", ""BIG_FIVE"", ""ThinkingQuality""]","{""learningAbility"": 0.85, ""professionalExposure"": 0.65, ""adaptability"": 0.75, ""projectExperience"": 0.6}","{""Experience"": {""exposure"": {""coverage"": 0.65, ""desiredDirection"": ""high""}, ""complexity"": {""coverage"": 0.55, ""desiredDirection"": ""high""}, ""responsibility"": {""coverage"": 0.45, ""desiredDirection"": ""high""}}, ""BIG_FIVE"": {""O"": {""coverage"": 0.75, ""desiredDirection"": ""high""}, ""C"": {""coverage"": 0.3, ""desiredDirection"": ""high""}}, ""ThinkingQuality"": {""metacognition"": {""coverage"": 0.7, ""desiredDirection"": ""high""}, ""applied"": {""coverage"": 0.65, ""desiredDirection"": ""high""}}}","[""learned due to real need"", ""explains context"", ""applied learning"", ""mentions outcome"", ""reflects on process""]"
Q_EXP_010_RELEVANT_BACKGROUND,"What part of your background is most relevant to this role, and why?",RelevantBackground,Basic,"[""Experience"", ""ThinkingQuality"", ""BIG_FIVE""]","{""professionalExposure"": 0.75, ""projectExperience"": 0.75, ""responsibility"": 0.55, ""selfAwareness"": 0.6}","{""Experience"": {""exposure"": {""coverage"": 0.75, ""desiredDirection"": ""high""}, ""complexity"": {""coverage"": 0.55, ""desiredDirection"": ""high""}, ""responsibility"": {""coverage"": 0.55, ""desiredDirection"": ""high""}}, ""ThinkingQuality"": {""clarity"": {""coverage"": 0.75, ""desiredDirection"": ""high""}, ""metacognition"": {""coverage"": 0.6, ""desiredDirection"": ""high""}, ""applied"": {""coverage"": 0.55, ""desiredDirection"": ""high""}}, ""BIG_FIVE"": {""C"": {""coverage"": 0.25, ""desiredDirection"": ""high""}}}","[""connects background to role"", ""uses relevant examples"", ""explains why experience matters"", ""shows self-awareness"", ""is specific""]"
Q_EXP_011_HANDLED_COMPLEXITY,"Tell me about a task where there were many moving parts, dependencies, or constraints. How did you handle it?",HandlingComplexity,Medium,"[""Experience"", ""ThinkingQuality"", ""PracticalAbilities""]","{""complexity"": 0.95, ""prioritization"": 0.75, ""structuredThinking"": 0.75, ""responsibility"": 0.65}","{""Experience"": {""exposure"": {""coverage"": 0.7, ""desiredDirection"": ""high""}, ""complexity"": {""coverage"": 0.95, ""desiredDirection"": ""high""}, ""responsibility"": {""coverage"": 0.65, ""desiredDirection"": ""high""}}, ""ThinkingQuality"": {""logic"": {""coverage"": 0.75, ""desiredDirection"": ""high""}, ""depth"": {""coverage"": 0.75, ""desiredDirection"": ""high""}, ""structure"": {""coverage"": 0.8, ""desiredDirection"": ""high""}, ""applied"": {""coverage"": 0.7, ""desiredDirection"": ""high""}}, ""PracticalAbilities"": {""Specificity"": {""coverage"": 0.65, ""desiredDirection"": ""high""}, ""Ownership"": {""coverage"": 0.65, ""desiredDirection"": ""high""}, ""Impact"": {""coverage"": 0.45, ""desiredDirection"": ""high""}}}","[""mentions dependencies"", ""handles constraints"", ""organizes work"", ""states responsibility"", ""explains outcome""]"
Q_EXP_012_HANDOVER_OR_MAINTENANCE,"Tell me about something you had to maintain, document, hand over, or support after it was created.",MaintenanceExperience,Medium,"[""Experience"", ""PracticalAbilities"", ""BIG_FIVE""]","{""maintenanceWork"": 0.9, ""responsibility"": 0.8, ""professionalExposure"": 0.65, ""qualityAwareness"": 0.65}","{""Experience"": {""exposure"": {""coverage"": 0.7, ""desiredDirection"": ""high""}, ""complexity"": {""coverage"": 0.6, ""desiredDirection"": ""high""}, ""responsibility"": {""coverage"": 0.85, ""desiredDirection"": ""high""}}, ""PracticalAbilities"": {""Specificity"": {""coverage"": 0.7, ""desiredDirection"": ""high""}, ""Ownership"": {""coverage"": 0.8, ""desiredDirection"": ""high""}, ""Impact"": {""coverage"": 0.55, ""desiredDirection"": ""high""}}, ""BIG_FIVE"": {""C"": {""coverage"": 0.6, ""desiredDirection"": ""high""}}}","[""mentions maintaining or supporting work"", ""documents or hands over clearly"", ""shows responsibility"", ""thinks about users or future maintainers"", ""understands continuity""]"
Q_HYB_001_UNCLEAR_TASK_DELIVERY,"Tell me about a task you owned when the situation was unclear. How did you clarify it, execute it, and deliver a result?",HybridAmbiguityOwnership,Advanced,"[""BIG_FIVE"", ""PracticalAbilities"", ""ThinkingQuality"", ""Experience""]","{""ambiguityHandling"": 0.9, ""ownership"": 0.9, ""problemSolving"": 0.8, ""impact"": 0.7, ""communication"": 0.7}","{""BIG_FIVE"": {""N"": {""coverage"": 0.8, ""desiredDirection"": ""low""}, ""C"": {""coverage"": 0.75, ""desiredDirection"": ""high""}, ""A"": {""coverage"": 0.35, ""desiredDirection"": ""high""}}, ""PracticalAbilities"": {""Specificity"": {""coverage"": 0.8, ""desiredDirection"": ""high""}, ""Ownership"": {""coverage"": 0.9, ""desiredDirection"": ""high""}, ""Impact"": {""coverage"": 0.7, ""desiredDirection"": ""high""}}, ""ThinkingQuality"": {""logic"": {""coverage"": 0.8, ""desiredDirection"": ""high""}, ""clarity"": {""coverage"": 0.8, ""desiredDirection"": ""high""}, ""structure"": {""coverage"": 0.85, ""desiredDirection"": ""high""}, ""applied"": {""coverage"": 0.8, ""desiredDirection"": ""high""}}, ""Experience"": {""exposure"": {""coverage"": 0.55, ""desiredDirection"": ""high""}, ""complexity"": {""coverage"": 0.65, ""desiredDirection"": ""high""}, ""responsibility"": {""coverage"": 0.75, ""desiredDirection"": ""high""}}}","[""clarifies ambiguity"", ""takes ownership"", ""explains steps"", ""communicates decisions"", ""delivers a result""]"
Q_HYB_002_LEARN_BUILD_IMPACT,"Tell me about a time you had to learn something new and then use it to build, fix, or improve something.",HybridLearningExecution,Medium,"[""BIG_FIVE"", ""PracticalAbilities"", ""ThinkingQuality"", ""Experience""]","{""learningAbility"": 0.95, ""implementation"": 0.8, ""impact"": 0.7, ""adaptability"": 0.8, ""problemSolving"": 0.75}","{""BIG_FIVE"": {""O"": {""coverage"": 0.9, ""desiredDirection"": ""high""}, ""C"": {""coverage"": 0.45, ""desiredDirection"": ""high""}}, ""PracticalAbilities"": {""Specificity"": {""coverage"": 0.8, ""desiredDirection"": ""high""}, ""Ownership"": {""coverage"": 0.7, ""desiredDirection"": ""high""}, ""Impact"": {""coverage"": 0.75, ""desiredDirection"": ""high""}}, ""ThinkingQuality"": {""structure"": {""coverage"": 0.7, ""desiredDirection"": ""high""}, ""metacognition"": {""coverage"": 0.8, ""desiredDirection"": ""high""}, ""applied"": {""coverage"": 0.85, ""desiredDirection"": ""high""}}, ""Experience"": {""exposure"": {""coverage"": 0.55, ""desiredDirection"": ""high""}, ""complexity"": {""coverage"": 0.55, ""desiredDirection"": ""high""}, ""responsibility"": {""coverage"": 0.5, ""desiredDirection"": ""high""}}}","[""learns new material"", ""applies learning"", ""builds or improves something"", ""states result"", ""reflects on process""]"
Q_HYB_003_COMPLEX_PROBLEM_TEAM,"Describe a complex problem you worked on with others. What was your role, how did you reason through it, and what happened?",HybridTeamComplexProblem,Advanced,"[""BIG_FIVE"", ""ThinkingQuality"", ""Experience"", ""PracticalAbilities""]","{""problemSolving"": 0.9, ""teamwork"": 0.75, ""complexity"": 0.85, ""responsibility"": 0.7, ""communication"": 0.7}","{""BIG_FIVE"": {""A"": {""coverage"": 0.55, ""desiredDirection"": ""high""}, ""C"": {""coverage"": 0.5, ""desiredDirection"": ""high""}}, ""ThinkingQuality"": {""logic"": {""coverage"": 0.85, ""desiredDirection"": ""high""}, ""depth"": {""coverage"": 0.85, ""desiredDirection"": ""high""}, ""structure"": {""coverage"": 0.75, ""desiredDirection"": ""high""}, ""applied"": {""coverage"": 0.8, ""desiredDirection"": ""high""}}, ""Experience"": {""exposure"": {""coverage"": 0.7, ""desiredDirection"": ""high""}, ""complexity"": {""coverage"": 0.85, ""desiredDirection"": ""high""}, ""responsibility"": {""coverage"": 0.7, ""desiredDirection"": ""high""}}, ""PracticalAbilities"": {""Specificity"": {""coverage"": 0.75, ""desiredDirection"": ""high""}, ""Ownership"": {""coverage"": 0.75, ""desiredDirection"": ""high""}, ""Impact"": {""coverage"": 0.65, ""desiredDirection"": ""high""}}}","[""explains complex problem"", ""states personal role"", ""describes team interaction"", ""reasons clearly"", ""mentions outcome""]"
Q_HYB_004_USER_TECHNICAL_ISSUE,Tell me about a technical issue you had to explain or resolve for someone else. What did you do?,HybridTechnicalCommunication,Medium,"[""BIG_FIVE"", ""ThinkingQuality"", ""PracticalAbilities"", ""Experience""]","{""technicalTroubleshooting"": 0.85, ""communication"": 0.85, ""stakeholderWork"": 0.75, ""problemSolving"": 0.75, ""customerOrientation"": 0.65}","{""BIG_FIVE"": {""A"": {""coverage"": 0.7, ""desiredDirection"": ""high""}, ""E"": {""coverage"": 0.35, ""desiredDirection"": ""high""}, ""C"": {""coverage"": 0.35, ""desiredDirection"": ""high""}}, ""ThinkingQuality"": {""clarity"": {""coverage"": 0.9, ""desiredDirection"": ""high""}, ""structure"": {""coverage"": 0.65, ""desiredDirection"": ""high""}, ""applied"": {""coverage"": 0.75, ""desiredDirection"": ""high""}}, ""PracticalAbilities"": {""Specificity"": {""coverage"": 0.75, ""desiredDirection"": ""high""}, ""Ownership"": {""coverage"": 0.65, ""desiredDirection"": ""high""}, ""Impact"": {""coverage"": 0.6, ""desiredDirection"": ""high""}}, ""Experience"": {""exposure"": {""coverage"": 0.6, ""desiredDirection"": ""high""}, ""complexity"": {""coverage"": 0.55, ""desiredDirection"": ""high""}, ""responsibility"": {""coverage"": 0.55, ""desiredDirection"": ""high""}}}","[""explains technical issue simply"", ""resolves or supports resolution"", ""communicates patiently"", ""mentions users or stakeholders"", ""states result""]"
Q_HYB_005_PRIORITY_OWNERSHIP_IMPACT,Tell me about a time you had several responsibilities at once and still had to deliver something important.,HybridPrioritizationDelivery,Medium,"[""BIG_FIVE"", ""PracticalAbilities"", ""ThinkingQuality"", ""Experience""]","{""prioritization"": 0.95, ""ownership"": 0.8, ""pressureHandling"": 0.75, ""impact"": 0.65, ""responsibility"": 0.8}","{""BIG_FIVE"": {""N"": {""coverage"": 0.6, ""desiredDirection"": ""low""}, ""C"": {""coverage"": 0.75, ""desiredDirection"": ""high""}}, ""PracticalAbilities"": {""Specificity"": {""coverage"": 0.7, ""desiredDirection"": ""high""}, ""Ownership"": {""coverage"": 0.85, ""desiredDirection"": ""high""}, ""Impact"": {""coverage"": 0.7, ""desiredDirection"": ""high""}}, ""ThinkingQuality"": {""logic"": {""coverage"": 0.75, ""desiredDirection"": ""high""}, ""structure"": {""coverage"": 0.8, ""desiredDirection"": ""high""}, ""applied"": {""coverage"": 0.75, ""desiredDirection"": ""high""}}, ""Experience"": {""exposure"": {""coverage"": 0.55, ""desiredDirection"": ""high""}, ""complexity"": {""coverage"": 0.65, ""desiredDirection"": ""high""}, ""responsibility"": {""coverage"": 0.8, ""desiredDirection"": ""high""}}}","[""prioritizes clearly"", ""takes responsibility"", ""handles pressure"", ""communicates tradeoffs"", ""delivers result""]"
Q_HYB_006_IMPROVE_WITH_FEEDBACK,"Tell me about something you improved after receiving feedback, data, or a user complaint.",HybridFeedbackImprovement,Medium,"[""BIG_FIVE"", ""PracticalAbilities"", ""ThinkingQuality"", ""Experience""]","{""feedbackUse"": 0.85, ""processImprovement"": 0.85, ""communication"": 0.55, ""impact"": 0.75, ""learningAbility"": 0.65}","{""BIG_FIVE"": {""O"": {""coverage"": 0.6, ""desiredDirection"": ""high""}, ""A"": {""coverage"": 0.45, ""desiredDirection"": ""high""}, ""C"": {""coverage"": 0.45, ""desiredDirection"": ""high""}}, ""PracticalAbilities"": {""Specificity"": {""coverage"": 0.75, ""desiredDirection"": ""high""}, ""Ownership"": {""coverage"": 0.65, ""desiredDirection"": ""high""}, ""Impact"": {""coverage"": 0.85, ""desiredDirection"": ""high""}}, ""ThinkingQuality"": {""clarity"": {""coverage"": 0.65, ""desiredDirection"": ""high""}, ""metacognition"": {""coverage"": 0.8, ""desiredDirection"": ""high""}, ""applied"": {""coverage"": 0.8, ""desiredDirection"": ""high""}}, ""Experience"": {""exposure"": {""coverage"": 0.55, ""desiredDirection"": ""high""}, ""complexity"": {""coverage"": 0.55, ""desiredDirection"": ""high""}, ""responsibility"": {""coverage"": 0.45, ""desiredDirection"": ""high""}}}","[""uses feedback or data"", ""changes approach"", ""improves outcome"", ""reflects on learning"", ""states impact""]"
Q_HYB_007_INDEPENDENT_COMPLEX_TASK,Tell me about a complex task you had to complete mostly on your own. How did you approach it?,HybridIndependentComplexity,Medium,"[""BIG_FIVE"", ""Experience"", ""PracticalAbilities"", ""ThinkingQuality""]","{""independentWork"": 0.9, ""complexity"": 0.8, ""structuredThinking"": 0.8, ""ownership"": 0.85, ""selfManagement"": 0.8}","{""BIG_FIVE"": {""C"": {""coverage"": 0.8, ""desiredDirection"": ""high""}, ""O"": {""coverage"": 0.35, ""desiredDirection"": ""high""}, ""N"": {""coverage"": 0.25, ""desiredDirection"": ""low""}}, ""Experience"": {""exposure"": {""coverage"": 0.55, ""desiredDirection"": ""high""}, ""complexity"": {""coverage"": 0.8, ""desiredDirection"": ""high""}, ""responsibility"": {""coverage"": 0.75, ""desiredDirection"": ""high""}}, ""PracticalAbilities"": {""Specificity"": {""coverage"": 0.75, ""desiredDirection"": ""high""}, ""Ownership"": {""coverage"": 0.9, ""desiredDirection"": ""high""}, ""Impact"": {""coverage"": 0.55, ""desiredDirection"": ""high""}}, ""ThinkingQuality"": {""logic"": {""coverage"": 0.75, ""desiredDirection"": ""high""}, ""structure"": {""coverage"": 0.85, ""desiredDirection"": ""high""}, ""applied"": {""coverage"": 0.75, ""desiredDirection"": ""high""}}}","[""works independently"", ""organizes complex task"", ""takes ownership"", ""explains approach"", ""delivers or escalates responsibly""]"
Q_HYB_008_FROM_AMBIGUITY_TO_PLAN,Give an example of turning a vague request into a clear plan and then executing it.,HybridPlanningExecution,Advanced,"[""BIG_FIVE"", ""ThinkingQuality"", ""PracticalAbilities"", ""Experience""]","{""ambiguityHandling"": 0.9, ""structuredThinking"": 0.9, ""communication"": 0.7, ""implementation"": 0.75, ""ownership"": 0.75}","{""BIG_FIVE"": {""N"": {""coverage"": 0.65, ""desiredDirection"": ""low""}, ""C"": {""coverage"": 0.7, ""desiredDirection"": ""high""}, ""A"": {""coverage"": 0.35, ""desiredDirection"": ""high""}}, ""ThinkingQuality"": {""logic"": {""coverage"": 0.85, ""desiredDirection"": ""high""}, ""clarity"": {""coverage"": 0.8, ""desiredDirection"": ""high""}, ""structure"": {""coverage"": 0.95, ""desiredDirection"": ""high""}, ""applied"": {""coverage"": 0.85, ""desiredDirection"": ""high""}}, ""PracticalAbilities"": {""Specificity"": {""coverage"": 0.75, ""desiredDirection"": ""high""}, ""Ownership"": {""coverage"": 0.8, ""desiredDirection"": ""high""}, ""Impact"": {""coverage"": 0.65, ""desiredDirection"": ""high""}}, ""Experience"": {""exposure"": {""coverage"": 0.5, ""desiredDirection"": ""high""}, ""complexity"": {""coverage"": 0.6, ""desiredDirection"": ""high""}, ""responsibility"": {""coverage"": 0.65, ""desiredDirection"": ""high""}}}","[""clarifies vague request"", ""creates plan"", ""communicates assumptions"", ""executes steps"", ""mentions result""]"
Q_HYB_009_TECHNICAL_LEARNING_DEBUGGING,Tell me about a time you debugged or investigated a problem by learning something you did not know before.,HybridDebuggingLearning,Medium,"[""BIG_FIVE"", ""ThinkingQuality"", ""PracticalAbilities"", ""Experience""]","{""debugging"": 0.95, ""learningAbility"": 0.85, ""problemSolving"": 0.85, ""technicalThinking"": 0.85, ""ambiguityHandling"": 0.65}","{""BIG_FIVE"": {""O"": {""coverage"": 0.65, ""desiredDirection"": ""high""}, ""N"": {""coverage"": 0.35, ""desiredDirection"": ""low""}}, ""ThinkingQuality"": {""logic"": {""coverage"": 0.9, ""desiredDirection"": ""high""}, ""structure"": {""coverage"": 0.85, ""desiredDirection"": ""high""}, ""metacognition"": {""coverage"": 0.75, ""desiredDirection"": ""high""}, ""applied"": {""coverage"": 0.85, ""desiredDirection"": ""high""}}, ""PracticalAbilities"": {""Specificity"": {""coverage"": 0.8, ""desiredDirection"": ""high""}, ""Ownership"": {""coverage"": 0.65, ""desiredDirection"": ""high""}, ""Impact"": {""coverage"": 0.6, ""desiredDirection"": ""high""}}, ""Experience"": {""exposure"": {""coverage"": 0.6, ""desiredDirection"": ""high""}, ""complexity"": {""coverage"": 0.7, ""desiredDirection"": ""high""}, ""responsibility"": {""coverage"": 0.5, ""desiredDirection"": ""high""}}}","[""learns during investigation"", ""uses evidence"", ""debugs systematically"", ""applies new knowledge"", ""explains outcome""]"
Q_HYB_010_STAKEHOLDER_CONSTRAINTS,"Describe a time you had to balance technical constraints with the needs of a user, client, or stakeholder.",HybridStakeholderTradeoffs,Advanced,"[""BIG_FIVE"", ""ThinkingQuality"", ""Experience"", ""PracticalAbilities""]","{""stakeholderWork"": 0.85, ""communication"": 0.8, ""decisionMaking"": 0.85, ""complexity"": 0.75, ""problemSolving"": 0.7}","{""BIG_FIVE"": {""A"": {""coverage"": 0.65, ""desiredDirection"": ""high""}, ""C"": {""coverage"": 0.45, ""desiredDirection"": ""high""}}, ""ThinkingQuality"": {""logic"": {""coverage"": 0.85, ""desiredDirection"": ""high""}, ""clarity"": {""coverage"": 0.8, ""desiredDirection"": ""high""}, ""depth"": {""coverage"": 0.85, ""desiredDirection"": ""high""}, ""applied"": {""coverage"": 0.75, ""desiredDirection"": ""high""}}, ""Experience"": {""exposure"": {""coverage"": 0.7, ""desiredDirection"": ""high""}, ""complexity"": {""coverage"": 0.75, ""desiredDirection"": ""high""}, ""responsibility"": {""coverage"": 0.6, ""desiredDirection"": ""high""}}, ""PracticalAbilities"": {""Specificity"": {""coverage"": 0.65, ""desiredDirection"": ""high""}, ""Ownership"": {""coverage"": 0.55, ""desiredDirection"": ""high""}, ""Impact"": {""coverage"": 0.6, ""desiredDirection"": ""high""}}}","[""understands stakeholder needs"", ""explains constraints"", ""balances tradeoffs"", ""communicates clearly"", ""chooses practical solution""]"
Q_HYB_011_RESPONSIBLE_MISTAKE_RECOVERY,Tell me about a time something went wrong in your work. How did you take responsibility and recover?,HybridResponsibilityRecovery,Medium,"[""BIG_FIVE"", ""PracticalAbilities"", ""ThinkingQuality"", ""Experience""]","{""responsibility"": 0.9, ""ownership"": 0.85, ""emotionalRegulation"": 0.7, ""problemSolving"": 0.75, ""qualityAwareness"": 0.7}","{""BIG_FIVE"": {""C"": {""coverage"": 0.75, ""desiredDirection"": ""high""}, ""N"": {""coverage"": 0.6, ""desiredDirection"": ""low""}, ""A"": {""coverage"": 0.35, ""desiredDirection"": ""high""}}, ""PracticalAbilities"": {""Specificity"": {""coverage"": 0.8, ""desiredDirection"": ""high""}, ""Ownership"": {""coverage"": 0.9, ""desiredDirection"": ""high""}, ""Impact"": {""coverage"": 0.65, ""desiredDirection"": ""high""}}, ""ThinkingQuality"": {""clarity"": {""coverage"": 0.7, ""desiredDirection"": ""high""}, ""metacognition"": {""coverage"": 0.9, ""desiredDirection"": ""high""}, ""applied"": {""coverage"": 0.8, ""desiredDirection"": ""high""}}, ""Experience"": {""exposure"": {""coverage"": 0.55, ""desiredDirection"": ""high""}, ""complexity"": {""coverage"": 0.6, ""desiredDirection"": ""high""}, ""responsibility"": {""coverage"": 0.75, ""desiredDirection"": ""high""}}}","[""admits issue"", ""takes responsibility"", ""fixes or mitigates"", ""learns from it"", ""communicates appropriately""]"
Q_HYB_012_ROLE_FIT_SUMMARY,"Based on the role, what strengths from your experience and work style would help you succeed here?",HybridRoleFit,Basic,"[""BIG_FIVE"", ""Experience"", ""ThinkingQuality"", ""PracticalAbilities""]","{""selfAwareness"": 0.85, ""professionalExposure"": 0.7, ""communication"": 0.65, ""roleFit"": 0.95, ""motivation"": 0.6}","{""BIG_FIVE"": {""C"": {""coverage"": 0.35, ""desiredDirection"": ""high""}, ""O"": {""coverage"": 0.3, ""desiredDirection"": ""high""}, ""A"": {""coverage"": 0.25, ""desiredDirection"": ""high""}, ""E"": {""coverage"": 0.25, ""desiredDirection"": ""high""}}, ""Experience"": {""exposure"": {""coverage"": 0.7, ""desiredDirection"": ""high""}, ""complexity"": {""coverage"": 0.5, ""desiredDirection"": ""high""}, ""responsibility"": {""coverage"": 0.55, ""desiredDirection"": ""high""}}, ""ThinkingQuality"": {""clarity"": {""coverage"": 0.85, ""desiredDirection"": ""high""}, ""metacognition"": {""coverage"": 0.7, ""desiredDirection"": ""high""}, ""applied"": {""coverage"": 0.65, ""desiredDirection"": ""high""}}, ""PracticalAbilities"": {""Specificity"": {""coverage"": 0.6, ""desiredDirection"": ""high""}, ""Ownership"": {""coverage"": 0.5, ""desiredDirection"": ""high""}, ""Impact"": {""coverage"": 0.4, ""desiredDirection"": ""high""}}}","[""connects strengths to role"", ""uses relevant examples"", ""shows self-awareness"", ""communicates clearly"", ""does not give generic answer""]"
